"Назва";"Категорія";"ID у сервері";"Поточна ціна покупки";"Рекомендована ціна покупки";"Що дає";"Кількість за збір";"Поточний час (год, хв, сек)";"Рекомендований час (год, хв, сек)";"Поточна ціна продажу продукту";"Рекомендована ціна продажу продукту";"Доступно з рівня (без змін)";"Поточна валюта покупки";"Рекомендована валюта покупки";"Магазин подарунків (ціна)";"Валюта подарунка";"Ферми / розміщення у бекапі";"Коментар";"Безкоштовно на стартовій фермі";"Можлива виручка першого збору зі старту (монети)"
"Буряк";"Городина";"buryak";"10";"25";"Буряк";"1";"0 год 10 хв 0 сек";"0 год 15 хв 0 сек";"15";"28";"1";"Монети";"Монети";"—";"—";"2 / 5";"Після збору потрібно знову купити насіння; прибуток за цикл = продаж мінус ціна насіння.";"—";"—"
"Конюшина";"Городина";"konyshina";"10";"30";"Конюшина";"1";"0 год 10 хв 0 сек";"0 год 30 хв 0 сек";"15";"35";"1";"Монети";"Монети";"—";"—";"1 / 4";"Після збору потрібно знову купити насіння; прибуток за цикл = продаж мінус ціна насіння.";"—";"—"
"Морква";"Городина";"morkva";"75";"70";"Морква";"1";"4 год 0 хв 0 сек";"4 год 0 хв 0 сек";"160";"105";"1";"Монети";"Монети";"—";"—";"2 / 34";"Після збору потрібно знову купити насіння; прибуток за цикл = продаж мінус ціна насіння.";"—";"—"
"Огірок";"Городина";"ogirok";"300";"160";"Огірок";"1";"12 год 0 хв 0 сек";"12 год 0 хв 0 сек";"490";"240";"1";"Монети";"Монети";"—";"—";"2 / 27";"Після збору потрібно знову купити насіння; прибуток за цикл = продаж мінус ціна насіння.";"—";"—"
"Полуниця";"Городина";"polunitsa";"15";"25";"Полуниця";"1";"0 год 15 хв 0 сек";"1 год 30 хв 0 сек";"25";"40";"1";"Монети";"Монети";"—";"—";"3 / 138";"Після збору потрібно знову купити насіння; прибуток за цикл = продаж мінус ціна насіння.";"8";"320"
"Помідор";"Городина";"pomidor";"280";"240";"Помідор";"1";"16 год 0 хв 0 сек";"16 год 0 хв 0 сек";"560";"360";"1";"Монети";"Монети";"—";"—";"2 / 206";"Після збору потрібно знову купити насіння; прибуток за цикл = продаж мінус ціна насіння.";"—";"—"
"Пшениця";"Городина";"wheat";"15";"25";"Пшениця";"1";"1 год 0 хв 0 сек";"1 год 0 хв 0 сек";"55";"40";"1";"Монети";"Монети";"—";"—";"4 / 222";"Новачок отримує 1 000 монет і 25 рубінів; 8 пшениць, 8 полуниць і 12 гарбузів дають 1 300 монет за перший збір; загалом з стартовими тваринами й деревами — до 1 625 монет виручки з перших зборів.";"8";"320"
"Картопля";"Городина";"kartoplya";"20";"45";"Картопля";"1";"0 год 15 хв 0 сек";"2 год 0 хв 0 сек";"25";"65";"2";"Монети";"Монети";"—";"—";"1 / 2";"Після збору потрібно знову купити насіння; прибуток за цикл = продаж мінус ціна насіння.";"—";"—"
"Кукурудза";"Городина";"kukurudza";"40";"55";"Кукурудза";"1";"0 год 45 хв 0 сек";"3 год 0 хв 0 сек";"90";"85";"3";"Монети";"Монети";"—";"—";"1 / 285";"Після збору потрібно знову купити насіння; прибуток за цикл = продаж мінус ціна насіння.";"—";"—"
"Соняшник";"Городина";"sonyashnyk";"200";"120";"Сємочки";"1";"4 год 0 хв 0 сек";"10 год 0 хв 0 сек";"300";"180";"10";"Монети";"Монети";"—";"—";"3 / 197";"Після збору потрібно знову купити насіння; прибуток за цикл = продаж мінус ціна насіння.";"—";"—"
"Гарбуз";"Городина";"pump";"30";"30";"Гарбуз";"1";"6 год 0 хв 0 сек";"4 год 0 хв 0 сек";"120";"55";"11";"Монети";"Монети";"—";"—";"2 / 86";"Після збору потрібно знову купити насіння; прибуток за цикл = продаж мінус ціна насіння.";"12";"660"
"Перець";"Городина";"perec";"130";"350";"Перець";"1";"8 год 0 хв 0 сек";"24 год 0 хв 0 сек";"290";"525";"11";"Монети";"Монети";"—";"—";"1 / 4";"Після збору потрібно знову купити насіння; прибуток за цикл = продаж мінус ціна насіння.";"—";"—"
"Цибуля";"Городина";"cybulya";"25";"90";"Цибуля";"1";"4 год 0 хв 0 сек";"6 год 0 хв 0 сек";"90";"135";"11";"Монети";"Монети";"—";"—";"1 / 129";"Після збору потрібно знову купити насіння; прибуток за цикл = продаж мінус ціна насіння.";"—";"—"
"Вишня";"Дерева / ягідні кущі";"cherry_tree";"1200";"700";"Вишні";"1";"16 год 0 хв 0 сек";"8 год 0 хв 0 сек";"170";"180";"1";"Монети";"Монети";"—";"—";"3 / 51";"Дає повторний врожай без повторної покупки; новий цикл починається після збору.";"—";"—"
"Грушка";"Дерева / ягідні кущі";"pear_tree";"850";"500";"Груші";"1";"12 год 0 хв 0 сек";"6 год 0 хв 0 сек";"110";"130";"1";"Монети";"Монети";"—";"—";"5 / 103";"Дає повторний врожай без повторної покупки; новий цикл починається після збору.";"—";"—"
"Ліщина";"Дерева / ягідні кущі";"nutstree";"4500";"3500";"Горіхи";"1";"24 год 0 хв 0 сек";"16 год 0 хв 0 сек";"650";"650";"1";"Монети";"Монети";"—";"—";"4 / 48";"Дає повторний врожай без повторної покупки; новий цикл починається після збору.";"—";"—"
"Малина";"Дерева / ягідні кущі";"malina";"450";"500";"Малина";"1";"8 год 0 хв 0 сек";"2 год 0 хв 0 сек";"65";"55";"1";"Монети";"Монети";"—";"—";"8 / 81";"Дає повторний врожай без повторної покупки; новий цикл починається після збору.";"3";"165"
"Яблуня";"Дерева / ягідні кущі";"apple_tree";"700";"400";"Яблука";"1";"12 год 0 хв 0 сек";"4 год 0 хв 0 сек";"90";"90";"1";"Монети";"Монети";"—";"—";"8 / 105";"Дає повторний врожай без повторної покупки; новий цикл починається після збору.";"1";"90"
"Слива";"Дерева / ягідні кущі";"plum_tree";"1600";"1000";"Сливи";"1";"24 год 0 хв 0 сек";"10 год 0 хв 0 сек";"220";"240";"12";"Монети";"Монети";"—";"—";"4 / 68";"Дає повторний врожай без повторної покупки; новий цикл починається після збору.";"—";"—"
"Береза";"Дерева / ягідні кущі";"bereza";"2800";"2200";"Березовий сік";"1";"0 год 45 хв 0 сек";"8 год 0 хв 0 сек";"25";"250";"14";"Монети";"Монети";"—";"—";"2 / 10";"Дає повторний врожай без повторної покупки; новий цикл починається після збору.";"—";"—"
"Смородина";"Дерева / ягідні кущі";"smorodyna";"1200";"1200";"Смородина";"1";"8 год 0 хв 0 сек";"4 год 0 хв 0 сек";"200";"130";"14";"Монети";"Монети";"—";"—";"4 / 31";"Дає повторний врожай без повторної покупки; новий цикл починається після збору.";"—";"—"
"Виноград";"Дерева / ягідні кущі";"vynohrad";"3800";"3200";"Виноград";"1";"20 год 0 хв 0 сек";"10 год 0 хв 0 сек";"850";"350";"15";"Монети";"Монети";"—";"—";"2 / 10";"Дає повторний врожай без повторної покупки; новий цикл починається після збору.";"—";"—"
"Лимонне дерево";"Дерева / ягідні кущі";"lymon";"10000";"5000";"Лимон";"1";"24 год 0 хв 0 сек";"12 год 0 хв 0 сек";"835";"500";"15";"Монети";"Монети";"—";"—";"3 / 45";"Дає повторний врожай без повторної покупки; новий цикл починається після збору.";"—";"—"
"Порічки";"Дерева / ягідні кущі";"porichky";"2500";"2200";"Порічки";"1";"12 год 0 хв 0 сек";"6 год 0 хв 0 сек";"850";"260";"16";"Монети";"Монети";"—";"—";"4 / 77";"Дає повторний врожай без повторної покупки; новий цикл починається після збору.";"—";"—"
"Баран";"Тварини";"baran";"10000";"7000";"Роги";"1";"16 год 0 хв 0 сек";"12 год 0 хв 0 сек";"1000";"800";"1";"Монети";"Монети";"—";"—";"1 / 2";"Дає повторний врожай без повторної покупки; новий цикл починається після збору.";"—";"—"
"Гуска";"Тварини";"goose";"1400";"1200";"Піря";"1";"12 год 0 хв 0 сек";"6 год 0 хв 0 сек";"240";"210";"1";"Монети";"Монети";"—";"—";"3 / 17";"Дає повторний врожай без повторної покупки; новий цикл починається після збору.";"—";"—"
"Корова";"Тварини";"cow";"5100";"2500";"Молоко";"1";"7 год 0 хв 0 сек";"8 год 0 хв 0 сек";"210";"280";"1";"Монети";"Монети";"—";"—";"4 / 23";"Дає повторний врожай без повторної покупки; новий цикл починається після збору.";"—";"—"
"Кролик";"Тварини";"rabbit";"150";"250";"Пух Кролика";"1";"0 год 10 хв 0 сек";"1 год 0 хв 0 сек";"10";"35";"1";"Монети";"Монети";"—";"—";"5 / 96";"Дає повторний врожай без повторної покупки; новий цикл починається після збору.";"—";"—"
"Курка";"Тварини";"chicken";"250";"400";"Яйця";"1";"0 год 30 хв 0 сек";"2 год 0 хв 0 сек";"15";"70";"1";"Монети";"Монети";"—";"—";"8 / 32";"Дає повторний врожай без повторної покупки; новий цикл починається після збору.";"1";"70"
"Павич";"Тварини";"pawa";"15";"15";"Пір'я";"1";"6 год 0 хв 0 сек";"16 год 0 хв 0 сек";"8500";"900";"1";"Рубіни";"Рубіни";"15";"Рубіни";"3 / 6";"Дає повторний врожай без повторної покупки; новий цикл починається після збору.";"—";"—"
"Качка";"Тварини";"duck_1";"450";"700";"Пір'я";"1";"2 год 0 хв 0 сек";"4 год 0 хв 0 сек";"45";"140";"2";"Монети";"Монети";"—";"—";"3 / 6";"Дає повторний врожай без повторної покупки; новий цикл починається після збору.";"—";"—"
"Свиня";"Тварини";"pig";"3200";"4500";"Бекон";"1";"20 год 0 хв 0 сек";"12 год 0 хв 0 сек";"600";"480";"5";"Монети";"Монети";"—";"—";"5 / 27";"Дає повторний врожай без повторної покупки; новий цикл починається після збору.";"—";"—"
"Індик";"Тварини";"indik";"2200";"6000";"Пір'я";"1";"4 год 0 хв 0 сек";"10 год 0 хв 0 сек";"800";"650";"7";"Монети";"Монети";"—";"—";"4 / 8";"Дає повторний врожай без повторної покупки; новий цикл починається після збору.";"—";"—"
"Овечка";"Тварини";"sheep";"4000";"3500";"Вовна";"1";"20 год 0 хв 0 сек";"10 год 0 хв 0 сек";"680";"350";"10";"Монети";"Монети";"—";"—";"5 / 35";"Дає повторний врожай без повторної покупки; новий цикл починається після збору.";"—";"—"
"Страус";"Тварини";"straus";"25";"20";"Яйця";"1";"18 год 0 хв 0 сек";"24 год 0 хв 0 сек";"15000";"1400";"20";"Рубіни";"Рубіни";"—";"—";"3 / 9";"Дає повторний врожай без повторної покупки; новий цикл починається після збору.";"—";"—"
"Вулик";"Тварини";"vulyk";"675";"5000";"Мед";"1";"3 год 0 хв 0 сек";"16 год 0 хв 0 сек";"55";"600";"25";"Монети";"Монети";"—";"—";"4 / 22";"Дає повторний врожай без повторної покупки; новий цикл починається після збору.";"—";"—"
"Бізон";"Тварини";"bizon";"20000";"20000";"Роги бізона";"1";"24 год 0 хв 0 сек";"24 год 0 хв 0 сек";"1500";"2000";"30";"Монети";"Монети";"—";"—";"2 / 3";"Дає повторний врожай без повторної покупки; новий цикл починається після збору.";"—";"—"
"Кабан";"Тварини";"boar";"15000";"9500";"Бекон з кабана";"1";"24 год 0 хв 0 сек";"16 год 0 хв 0 сек";"1200";"1000";"30";"Монети";"Монети";"—";"—";"4 / 19";"Дає повторний врожай без повторної покупки; новий цикл починається після збору.";"—";"—"
"Візок";"Будівлі / декор";"vis_dec";"275";"700";"—";"—";"—";"—";"—";"—";"1";"Монети";"Монети";"—";"—";"1 / 1";"Не виробляє продукту; вартість покупки є витратою, а не джерелом прибутку.";"—";"—"
"Гном";"Будівлі / декор";"gnome_statue";"100";"500";"—";"—";"—";"—";"—";"—";"1";"Монети";"Монети";"—";"—";"2 / 21";"Не виробляє продукту; вартість покупки є витратою, а не джерелом прибутку.";"—";"—"
"Годівниця з сіном";"Будівлі / декор";"hodivnytsya_z_sinom";"100";"600";"—";"—";"—";"—";"—";"—";"1";"Монети";"Монети";"—";"—";"2 / 3";"Не виробляє продукту; вартість покупки є витратою, а не джерелом прибутку.";"—";"—"
"Пічка";"Будівлі / декор";"picka_dec";"2700";"1800";"—";"—";"—";"—";"—";"—";"2";"Монети";"Монети";"—";"—";"1 / 1";"Не виробляє продукту; вартість покупки є витратою, а не джерелом прибутку.";"—";"—"
"Тюки сіна з вилами";"Будівлі / декор";"tuk";"200";"900";"—";"—";"—";"—";"—";"—";"2";"Монети";"Монети";"—";"—";"2 / 2";"Не виробляє продукту; вартість покупки є витратою, а не джерелом прибутку.";"—";"—"
"Пташечка";"Будівлі / декор";"bird_statue";"200";"1000";"—";"—";"—";"—";"—";"—";"3";"Монети";"Монети";"—";"—";"2 / 2";"Не виробляє продукту; вартість покупки є витратою, а не джерелом прибутку.";"—";"—"
"Опудало";"Будівлі / декор";"scarecrow";"300";"1500";"—";"—";"—";"—";"—";"—";"5";"Монети";"Монети";"—";"—";"3 / 10";"Не виробляє продукту; вартість покупки є витратою, а не джерелом прибутку.";"—";"—"
"Статуя Кролика";"Будівлі / декор";"rabbit_statue";"800";"2500";"—";"—";"—";"—";"—";"—";"6";"Монети";"Монети";"—";"—";"3 / 3";"Не виробляє продукту; вартість покупки є витратою, а не джерелом прибутку.";"—";"—"
"Колодязь";"Будівлі / декор";"kolodiaz";"1800";"2500";"—";"—";"—";"—";"—";"—";"10";"Монети";"Монети";"—";"—";"7 / 7";"Не виробляє продукту; вартість покупки є витратою, а не джерелом прибутку.";"1";"—"
"Крілятник";"Будівлі / декор";"krilatnyk";"150000";"150000";"—";"—";"—";"—";"—";"—";"10";"Монети";"Монети";"—";"—";"3 / 4";"Високу ціну загону збережено за поточним значенням сервера: 150 000 монет.";"—";"—"
"Гніздо з лелекою";"Будівлі / декор";"gnleleka_dec";"500";"1800";"—";"—";"—";"—";"—";"—";"20";"Монети";"Монети";"1400";"Монети";"3 / 6";"Не виробляє продукту; вартість покупки є витратою, а не джерелом прибутку.";"—";"—"
"Млин";"Будівлі / декор";"mill";"175000";"175000";"Мішок борошна (сировина: Пшениця)";"1";"0 год 30 хв 0 сек";"1 год 0 хв 0 сек";"75";"110";"25";"Монети";"Монети";"—";"—";"2 / 2";"Високу ціну фабрики збережено: 175 000 монет. Вона споживає пшеницю з рекомендованою ціною продажу 40; борошно продається за 110, маржа без часу й ціни будівлі — 70.";"—";"—"
"Будинок";"Будівлі / декор";"barn";"20000";"12000";"—";"—";"—";"—";"—";"—";"35";"Монети";"Монети";"—";"—";"4 / 4";"Не виробляє продукту; вартість покупки є витратою, а не джерелом прибутку.";"—";"—"
"Курятник";"Будівлі / декор";"chicken_coop";"400000";"400000";"—";"—";"—";"—";"—";"—";"50";"Монети";"Монети";"—";"—";"2 / 2";"Високу ціну загону збережено за поточним значенням сервера: 400 000 монет.";"—";"—"
"Виноробня";"Будівлі / декор";"vinirob";"300000";"300000";"Вино (сировина: Виноград)";"1";"1 год 30 хв 30 сек";"4 год 0 хв 0 сек";"975";"550";"70";"Монети";"Монети";"—";"—";"2 / 2";"Високу ціну фабрики збережено: 300 000 монет. Вона споживає виноград із рекомендованою ціною продажу 350; вино продається за 550, маржа без часу й ціни будівлі — 200.";"—";"—"
"Батьківщина-Мати";"Будівлі / декор";"bat_mat";"50000";"75000";"—";"—";"—";"—";"—";"—";"99";"Монети";"Монети";"—";"—";"5 / 5";"Не виробляє продукту; вартість покупки є витратою, а не джерелом прибутку.";"—";"—"
"Добриво · 16 год";"Інше";"fertilizer_16h";"15";"15";"—";"—";"—";"—";"—";"—";"1";"Рубіни";"Рубіни";"—";"—";"0 / 0";"Преміальна покупка за рубіни; ціну збережено в рубінах.";"—";"—"
"Добриво · 30 хв";"Інше";"fertilizer_30m";"1";"1";"—";"—";"—";"—";"—";"—";"1";"Рубіни";"Рубіни";"—";"—";"0 / 0";"Преміальна покупка за рубіни; ціну збережено в рубінах.";"—";"—"
"Добриво · 4 год";"Інше";"fertilizer_4h";"5";"5";"—";"—";"—";"—";"—";"—";"1";"Рубіни";"Рубіни";"—";"—";"0 / 0";"Преміальна покупка за рубіни; ціну збережено в рубінах.";"—";"—"
"Розширення";"Інше";"farm_expansion";"25";"25";"—";"—";"—";"—";"—";"—";"1";"Рубіни";"Рубіни";"—";"—";"0 / 0";"Преміальна покупка за рубіни; ціну збережено в рубінах.";"—";"—"